{
    "seed": 2,
    "loader_name": "daily_loader_contrast",
    "output_path" : "/home/v-homin/Digger_Guider/framework/out/baseline",
    "comt" : "hft",
    "run_on" : false,
    "daily_loader_contrast": {
        "dset": "day_csi300_till_20200104",
        "train_start_date": "2007-02-16",
        "train_end_date": "2014-12-31",
        "valid_start_date": "2015-01-01",
        "valid_end_date": "2016-12-31",
        "test_start_date": "2017-01-01",
        "test_end_date": "2020-01-01",
        "train_shuffle" : true,
        "batch_size": 300,
        "pre_n_day" : 20,
        "DATA_PATH": "//data1/v-homin",
        "negative_sample": 5
    },
    "model_name": "rnn_v2",
    "rnn_v1": {
        "input_shape": [6, 1, 20],
	    "rnn_type": "GRU",
        "verbose": 100,
        "rnn_layer" : 2,
        "dropout": 0,
        "early_stopping_rounds":5,
        "hid_size": 64,
        "optim_args": {"lr":1e-3}
    },
    "rnn_v2": {
        "input_shape": [6, 16, 20],
        "rnn_type": "GRU",
        "verbose": 100,
        "rnn_layer" : 2,
        "dropout":0,
        "early_stopping_rounds":5,
        "hid_size" : 64
    },
    "cnn_v2": {
        "input_shape": [6, 16, 20],
        "rnn_type": "GRU",
        "verbose": 100,
        "rnn_layer" : 2,
        "dropout":0,
        "hid_size" : 64,
        "early_stopping_rounds":5,
        "out_chnls" : [6,6,6,6],
        "kernel" : [4,2,2],
        "stride": [4,2,2]
    },
    "contrastive_pretrain": {
        "input_shape": [6, 1, 20],
	    "rnn_type": "GRU",
        "verbose": 100,
        "rnn_layer" : 2,
        "dropout": 0,
        "early_stopping_rounds":5,
        "hid_size": 64,
        "optim_args": {"lr":1e-3},
        "negative_sample": 5
    }
}   