{
  "cnn_rnn_v2": {
    "dropout": 0,
    "dropout_2": 0.1,
    "early_stopping_rounds": 5,
    "eval_metric": "corr",
    "hid_size": 64,
    "input_shape": [
      6,
      16,
      20
    ],
    "kernel": [
      4,
      2,
      2
    ],
    "loss_fn": "mse",
    "max_steps": 50,
    "min_dropout": 0.5,
    "min_early_stopping_rounds": 5,
    "min_loss_fn": "mse_v2",
    "min_max_steps": 50,
    "min_optim_args": {
      "lr": 0.001
    },
    "min_ratio_teacher": 0.6,
    "mix_dropout": 0.5,
    "mix_optim_args": {
      "lr": 0.001
    },
    "optim_args": {
      "lr": 0.001
    },
    "optim_args_2": {
      "lr": 0.0001,
      "weight_decay": 1e-06
    },
    "optim_method": "Adam",
    "out_chnls": [
      6,
      6,
      6,
      6
    ],
    "output_path": "/home/v-homin/Digger_Guider/framework/out",
    "rnn_layer": 2,
    "rnn_type": "GRU",
    "stride": [
      4,
      2,
      2
    ],
    "verbose": 100
  },
  "comt": "_cnn_rnn",
  "daily_loader_v3": {
    "batch_size": 800,
    "daily_batch": true,
    "dset": "hft_15m_csi300_ly",
    "label_id": 0,
    "log_transform": false,
    "pre_n_day": 20,
    "test_end_date": "2019-06-18",
    "test_start_date": "2017-01-01",
    "train_end_date": "2014-12-31",
    "train_shuffle": true,
    "train_start_date": "2007-02-16",
    "valid_end_date": "2016-12-31",
    "valid_start_date": "2015-01-01",
    "DATA_PATH": "/home/v-homin/Digger_Guider/data"
  },
  "dsets": [
    "day_csi300_ly",
    "hft_15m_csi300_ly"
  ],
  "loader_name": "daily_loader_v3",
  "model_name": "cnn_rnn_v3",
  "output_path": "/home/v-homin/Digger_Guider/framework/out",
  "run_on": false,
  "seed": 2
}