{
  "artifacts": [
    "model.bin",
    "pred_contrastive_all_2_encoder_2.pkl.valid",
    "pred_contrastive_all_2_encoder_2.pkl"
  ],
  "command": "main",
  "experiment": {
    "base_dir": "/home/v-homin/Digger_Guider/framework",
    "dependencies": [
      "numpy==1.18.5",
      "pandas==1.0.4",
      "sacred==0.8.1",
      "torch==1.3.1",
      "tqdm==4.46.1"
    ],
    "mainfile": "main_contrast.py",
    "name": "hft_pred",
    "repositories": [],
    "sources": [
      [
        "common/__init__.py",
        "source/__init___d41d8cd98f00b204e9800998ecf8427e.py"
      ],
      [
        "common/functions.py",
        "source/functions_d0a7da7fe7f69b92245ef2510ac79918.py"
      ],
      [
        "common/utils.py",
        "source/utils_87a5a14a60a75e60af94f6c7eb3b2b23.py"
      ],
      [
        "loaders/__init__.py",
        "source/__init___27de618b1045718fdba2bc27b7b27473.py"
      ],
      [
        "loaders/daily_loader.py",
        "source/daily_loader_15a4e0244f561d04304eae1082c3b56c.py"
      ],
      [
        "loaders/daily_loader_contrast.py",
        "source/daily_loader_contrast_2b9ff524d1ebbdafb0c92833ed0bbda2.py"
      ],
      [
        "loaders/daily_loader_v3.py",
        "source/daily_loader_v3_e9d44a68d100aca51be75e4ed680dbd1.py"
      ],
      [
        "loaders/dataset.py",
        "source/dataset_60c2efcedd1531678591167905cf38ad.py"
      ],
      [
        "loaders/dataset_contrast.py",
        "source/dataset_contrast_6feca366b9611e75ce1ab1778fc04f6a.py"
      ],
      [
        "loaders/dataset_v3.py",
        "source/dataset_v3_e3456b57fb12c734052da3201923b9a5.py"
      ],
      [
        "main_contrast.py",
        "source/main_contrast_c1148cb2c3d70cd4606b6c30b1ba0b65.py"
      ],
      [
        "models/__init__.py",
        "source/__init___35767a07ecd7da33a6644f4f9d49d82f.py"
      ],
      [
        "models/cnn_v2.py",
        "source/cnn_v2_b4c5a42ed4c76115cf4d5c0319e0d19d.py"
      ],
      [
        "models/contrastive_all.py",
        "source/contrastive_all_98092295ba74d523cda5eb0270cc169d.py"
      ],
      [
        "models/contrastive_all_2_encoder.py",
        "source/contrastive_all_2_encoder_2e51a5f855413746d5640ced0dd09013.py"
      ],
      [
        "models/contrastive_all_2_stage.py",
        "source/contrastive_all_2_stage_073c8bb7bae4672160e56bf2a8cd369e.py"
      ],
      [
        "models/contrastive_ensemble.py",
        "source/contrastive_ensemble_0f932d0314028a8def113d19e4ff194d.py"
      ],
      [
        "models/contrastive_point.py",
        "source/contrastive_point_1e86c35c1b13dfe93d07688c669376b5.py"
      ],
      [
        "models/contrastive_pretrain.py",
        "source/contrastive_pretrain_8f7110175e035b47dd55d288e0cd3291.py"
      ],
      [
        "models/rnn_v1.py",
        "source/rnn_v1_fa01b481b7a7941950a5a8f082446d19.py"
      ],
      [
        "models/rnn_v2.py",
        "source/rnn_v2_6bbf6b47e65433a6b2338ad037788af7.py"
      ]
    ]
  },
  "heartbeat": "2020-07-09T06:48:53.113072",
  "host": {
    "ENV": {},
    "cpu": "Intel(R) Xeon(R) Gold 5118 CPU @ 2.30GHz",
    "gpus": {
      "driver_version": "418.87.01",
      "gpus": [
        {
          "model": "GeForce RTX 2080 Ti",
          "persistence_mode": true,
          "total_memory": 10989
        },
        {
          "model": "GeForce RTX 2080 Ti",
          "persistence_mode": true,
          "total_memory": 10989
        }
      ]
    },
    "hostname": "msrawsa03",
    "os": [
      "Linux",
      "Linux-4.15.0-76-generic-x86_64-with-debian-buster-sid"
    ],
    "python_version": "3.6.10"
  },
  "meta": {
    "command": "main",
    "options": {
      "--beat-interval": null,
      "--capture": null,
      "--comment": null,
      "--debug": false,
      "--enforce_clean": false,
      "--file_storage": null,
      "--force": false,
      "--help": false,
      "--loglevel": null,
      "--mongo_db": null,
      "--name": null,
      "--pdb": false,
      "--print-config": false,
      "--priority": null,
      "--queue": false,
      "--s3": null,
      "--sql": null,
      "--tiny_db": null,
      "--unobserved": false,
      "COMMAND": null,
      "UPDATE": [
        "config/contrast_all_2_encoder.json",
        "model_name=contrastive_all_2_encoder"
      ],
      "help": false,
      "with": true
    }
  },
  "resources": [],
  "result": null,
  "start_time": "2020-07-09T05:44:47.638746",
  "status": "COMPLETED",
  "stop_time": "2020-07-09T06:48:53.108932"
}